{
  "video": {
    "source": "example2/example2.mp4",
    "is_webcam": false,
    "fps": 30.0,
    "width": 1920,
    "height": 1080,
    "frames_processed": 238,
    "duration_sec": 7.93,
    "processing_time_sec": 42.24,
    "file_size_bytes": 16072281,
    "max_people": 1,
    "object_detection_enabled": true
  },
  "result": {
    "final_score": 56.5,
    "verdict": "LIKELY FAKE",
    "frames_evaluated": 192,
    "frames_total": 238,
    "peak_window_score": 83.3,
    "peak_window_timestamp_sec": 5.6,
    "global_quality_score": 79.1,
    "global_quality_reason": "Video was encoded with a generous bitrate (0.261 bits/pixel) yet the face stays soft throughout the clip (median sharpness=77) - real camera footage encoded this generously would normally retain fine detail",
    "max_people_detected": 1,
    "people_track_count": 5
  },
  "category_breakdown": {
    "blur_mismatch": {
      "mean": 0.03544151372230688,
      "peak": 0.5507855712826766,
      "frame_frac": 0.11458333333333333
    },
    "blur_onset_spike": {
      "mean": 0.052376839529493756,
      "peak": 1.0,
      "frame_frac": 0.13020833333333334
    },
    "bone_length": {
      "mean": 0.11196440917903445,
      "peak": 1.0,
      "frame_frac": 0.15104166666666666
    },
    "detection_flicker": {
      "mean": 0.0,
      "peak": 0.0,
      "frame_frac": 0.0
    },
    "hand_blur_anomaly": {
      "mean": 0.0,
      "peak": 0.0,
      "frame_frac": 0.0
    },
    "head_pose_reprojection": {
      "mean": 0.006863398077124012,
      "peak": 1.0,
      "frame_frac": 0.015625
    },
    "joint_angle_motion": {
      "mean": 0.005208333333333333,
      "peak": 1.0,
      "frame_frac": 0.005208333333333333
    },
    "landmark_jitter": {
      "mean": 0.04949358335376263,
      "peak": 0.2546111620162161,
      "frame_frac": 0.4791666666666667
    },
    "landmark_jump": {
      "mean": 0.06653391816956816,
      "peak": 1.0,
      "frame_frac": 0.125
    },
    "object_flicker": {
      "mean": 0.20963541666666666,
      "peak": 1.0,
      "frame_frac": 0.4010416666666667
    },
    "object_size_jump": {
      "mean": 0.012746611292979118,
      "peak": 1.0,
      "frame_frac": 0.03125
    },
    "object_teleport": {
      "mean": 0.0,
      "peak": 0.0,
      "frame_frac": 0.0
    },
    "pixel_flicker": {
      "mean": 0.006872463899955997,
      "peak": 0.4101936480640527,
      "frame_frac": 0.036458333333333336
    },
    "symmetry_break": {
      "mean": 0.03210124754504102,
      "peak": 0.6364530748841917,
      "frame_frac": 0.109375
    }
  },
  "flagged_ranges": [
    {
      "start_frame": 38,
      "end_frame": 44,
      "peak_score": 1.0,
      "categories": [
        "bone_length",
        "landmark_jump",
        "object_flicker",
        "object_size_jump"
      ]
    },
    {
      "start_frame": 48,
      "end_frame": 48,
      "peak_score": 0.551,
      "categories": [
        "landmark_jump",
        "object_flicker"
      ]
    },
    {
      "start_frame": 58,
      "end_frame": 58,
      "peak_score": 1.0,
      "categories": [
        "head_pose_reprojection"
      ]
    },
    {
      "start_frame": 86,
      "end_frame": 86,
      "peak_score": 1.0,
      "categories": [
        "landmark_jump"
      ]
    },
    {
      "start_frame": 94,
      "end_frame": 94,
      "peak_score": 0.461,
      "categories": [
        "landmark_jitter",
        "landmark_jump"
      ]
    },
    {
      "start_frame": 102,
      "end_frame": 102,
      "peak_score": 0.441,
      "categories": [
        "landmark_jitter",
        "landmark_jump"
      ]
    },
    {
      "start_frame": 107,
      "end_frame": 109,
      "peak_score": 1.0,
      "categories": [
        "bone_length",
        "landmark_jitter",
        "landmark_jump",
        "object_flicker",
        "pixel_flicker"
      ]
    },
    {
      "start_frame": 112,
      "end_frame": 123,
      "peak_score": 1.0,
      "categories": [
        "blur_onset_spike",
        "bone_length",
        "landmark_jitter",
        "object_flicker",
        "symmetry_break"
      ]
    },
    {
      "start_frame": 134,
      "end_frame": 135,
      "peak_score": 1.0,
      "categories": [
        "landmark_jitter",
        "landmark_jump"
      ]
    },
    {
      "start_frame": 137,
      "end_frame": 138,
      "peak_score": 0.959,
      "categories": [
        "landmark_jitter",
        "landmark_jump"
      ]
    },
    {
      "start_frame": 160,
      "end_frame": 186,
      "peak_score": 1.0,
      "categories": [
        "blur_mismatch",
        "blur_onset_spike",
        "bone_length",
        "joint_angle_motion",
        "landmark_jitter",
        "landmark_jump",
        "object_flicker",
        "pixel_flicker",
        "symmetry_break"
      ]
    }
  ],
  "timeline": {
    "frame_idx": [
      0,
      1,
      2,
      3,
      4,
      5,
      6,
      7,
      8,
      9,
      10,
      11,
      12,
      13,
      14,
      15,
      16,
      17,
      18,
      19,
      20,
      21,
      22,
      23,
      24,
      25,
      26,
      27,
      28,
      29,
      30,
      31,
      32,
      33,
      34,
      35,
      36,
      37,
      38,
      39,
      40,
      41,
      42,
      43,
      44,
      45,
      46,
      47,
      48,
      49,
      50,
      51,
      52,
      53,
      54,
      55,
      56,
      57,
      58,
      59,
      60,
      61,
      62,
      63,
      64,
      65,
      66,
      67,
      68,
      69,
      70,
      71,
      72,
      73,
      74,
      75,
      76,
      77,
      78,
      79,
      80,
      81,
      82,
      83,
      84,
      85,
      86,
      87,
      88,
      89,
      90,
      91,
      92,
      93,
      94,
      95,
      96,
      97,
      98,
      99,
      100,
      101,
      102,
      103,
      104,
      105,
      106,
      107,
      108,
      109,
      110,
      111,
      112,
      113,
      114,
      115,
      116,
      117,
      118,
      119,
      120,
      121,
      122,
      123,
      124,
      125,
      126,
      127,
      128,
      129,
      130,
      131,
      132,
      133,
      134,
      135,
      136,
      137,
      138,
      139,
      140,
      141,
      142,
      143,
      144,
      145,
      146,
      147,
      148,
      149,
      150,
      151,
      152,
      153,
      154,
      155,
      156,
      157,
      158,
      159,
      160,
      161,
      162,
      163,
      164,
      165,
      166,
      167,
      168,
      169,
      170,
      171,
      172,
      173,
      174,
      175,
      176,
      177,
      178,
      179,
      180,
      181,
      182,
      183,
      184,
      185,
      186,
      187,
      188,
      189,
      190,
      191,
      192,
      193,
      194,
      195,
      196,
      197,
      198,
      199,
      200,
      201,
      202,
      203,
      204,
      205,
      206,
      207,
      208,
      209,
      210,
      211,
      212,
      213,
      214,
      215,
      216,
      217,
      218,
      219,
      220,
      221,
      222,
      223,
      224,
      225,
      226,
      227,
      228,
      229,
      230,
      231,
      232,
      233,
      234,
      235,
      236,
      237
    ],